"Country","ALPHA3","TotalImports","TotalExports","TobaccoImports","TobaccoExports","PropTobaccoImports","PropTobaccoImportsQuartile","PropTobaccoExports","PropTobaccoExportsQuartile","TobaccoUseMale","TobaccoUseFemale","TobaccoUseAll","TobaccoUseQuartile","LungCancerRateMale","LungCancerRateFemale","LungCancerRateAll","LungCancerRateQuartile","LungCancerRateAllQuartileReadable","PropTobaccoExportsQuartileReadable","PropTobaccoImportsQuartileReadable","TobaccoUseQuartileReadable"
"Afghanistan","AFG",8.568e+09,8.7e+08,59257780,1180810,0.006916174136,4,0.001357252874,3,40.3,6.7,24,3,9.4,3.2,6.3,2,"5.4% - 15.25%","0.001% - 0.002%","0.002% - 0.04%","20.35% - 25.325%"
"Albania","ALB",6926961752,4821430704,995720,NA,0.0001437455606,1,NA,NA,40.7,6.8,23.9,3,37.8,7.1,22.45,3,"15.25% - 28.95%","missing","0% - 0.001%","20.35% - 25.325%"
"Argentina","ARG",65742457330,80130495417,75850,NA,1.153744522e-06,1,NA,NA,30,19.1,24.3,3,26.3,13.3,19.8,3,"15.25% - 28.95%","missing","0% - 0.001%","20.35% - 25.325%"
"Armenia","ARM",7458380573,5631686118,44544350,272920110,0.005972388988,4,0.0484615272,4,51.3,1.7,24.2,3,58.5,8.5,33.5,4,"28.95% - 59.4%","missing","0.002% - 0.04%","20.35% - 25.325%"
"Australia","AUS",3.02e+11,3.36e+11,648334640,36298650,0.00215,3,0.000108,2,15.6,11.3,13.4,2,29.2,23.6,26.4,3,"15.25% - 28.95%","0% - 0.001%","0.002% - 0.04%","12.175% - 20.35%"
"Austria","AUT",2.32e+11,2.47e+11,233289750,46310,0.00101,2,1.88e-07,1,26.8,22.3,24.5,3,33.2,23.3,28.25,3,"15.25% - 28.95%","0% - 0.001%","0.001% - 0.002%","20.35% - 25.325%"
"Azerbaijan","AZE",17712470588,23629764706,70813030,1733840,0.003997919412,4,7.337525454e-05,2,49.7,0.1,24.4,3,25.5,2.6,14.05,2,"5.4% - 15.25%","0% - 0.001%","0.002% - 0.04%","20.35% - 25.325%"
"Bahamas, The","BHS",4.78e+09,4708300000,4643890,NA,0.0009715251046,2,NA,NA,19.1,2.6,10.5,1,10.4,3.5,6.95,2,"5.4% - 15.25%","missing","0% - 0.001%","3.3% - 12.175%"
"Bahrain","BHR",25207712766,29564361702,151647320,106183610,0.006015909551,4,0.003591608406,4,27.2,4.6,19.8,2,16.3,6.7,11.5,2,"5.4% - 15.25%","0.002% - 0.048%","0.002% - 0.04%","12.175% - 20.35%"
"Barbados","BRB",2021649115,1942393950,2375930,828600,0.001175243509,2,0.0004265869959,2,14.5,1.9,7.9,1,13.7,5.8,9.75,2,"5.4% - 15.25%","0% - 0.001%","0.001% - 0.002%","3.3% - 12.175%"
"Belgium","BEL",4.36e+11,4.4e+11,371354390,68944900,0.000851,2,0.000157,2,25.3,19,22.1,3,52.2,28.1,40.15,4,"28.95% - 59.4%","0% - 0.001%","0% - 0.001%","20.35% - 25.325%"
"Belize","BLZ",1159250000,1160350000,46304930,5394940,0.03994386888,4,0.004649407506,4,15.9,1.9,8.8,1,15.7,5.1,10.4,2,"5.4% - 15.25%","0.002% - 0.048%","0.002% - 0.04%","3.3% - 12.175%"
"Benin","BEN",4900485169,4264332621,6134950,NA,0.001251906656,3,NA,NA,11,1.8,6.3,1,0.94,0.96,0.95,1,"0.19% - 5.4%","missing","0.001% - 0.002%","3.3% - 12.175%"
"Bolivia","BOL",12853418148,10210442518,14340260,16710,0.001115676767,2,1.636559823e-06,1,11,1.8,13.7,2,10.3,5.5,7.9,2,"5.4% - 15.25%","0% - 0.001%","0.001% - 0.002%","12.175% - 20.35%"
"Bosnia and Herzegovina","BIH",11156040522,8195701122,40367630,1238100,0.003618454946,4,0.0001510670023,2,43.9,28.3,35.9,4,62.4,13.5,37.95,4,"28.95% - 59.4%","0% - 0.001%","0.002% - 0.04%","25.325% - 43.8%"
"Botswana","BWA",7694753577,6203255887,20590700,3159730,0.002675940145,4,0.0005093663807,2,30.7,8.1,18.8,2,6.4,0.79,3.595,1,"0.19% - 5.4%","0% - 0.001%","0.002% - 0.04%","12.175% - 20.35%"
"Brazil","BRA",2.77e+11,2.65e+11,9798750,19812720,3.54e-05,1,7.49e-05,2,17,10,13.4,2,16.4,10.5,13.45,2,"5.4% - 15.25%","0% - 0.001%","0% - 0.001%","12.175% - 20.35%"
"Brunei","BN",6810627547,7804997288,23730,NA,3.48426042e-06,1,NA,NA,17,10,17.5,2,NA,NA,NA,NA,"missing","missing","0% - 0.001%","12.175% - 20.35%"
"Bulgaria","BGR",41835852318,44060618775,101365300,64020690,0.002422929004,3,0.001453013865,3,40.1,29.9,34.8,4,50.1,11.3,30.7,4,"28.95% - 59.4%","0.001% - 0.002%","0.002% - 0.04%","25.325% - 43.8%"
"Burkina Faso","BFA",5023004665,4467779365,6176960,NA,0.001229734076,3,NA,NA,22.4,6.4,14.3,2,4.6,1.5,3.05,1,"0.19% - 5.4%","missing","0.001% - 0.002%","12.175% - 20.35%"
"Burundi","BDI",615740071.3,133504138.4,89180,3704990,0.0001448338417,1,0.0277518738,4,16.3,6.3,11.2,1,2.6,1.1,1.85,1,"0.19% - 5.4%","0.002% - 0.048%","0% - 0.001%","3.3% - 12.175%"
"Cambodia","KHM",16921448890,16549259441,233225830,17273040,0.01378285226,4,0.001043734921,3,32.7,5.9,18.7,2,21.6,8.7,15.15,2,"5.4% - 15.25%","0.001% - 0.002%","0.002% - 0.04%","12.175% - 20.35%"
"Canada","CAN",5.84e+11,5.56e+11,9160020,103839700,1.57e-05,1,0.000187,2,15.4,10.7,13,2,31.1,29.3,30.2,4,"28.95% - 59.4%","0% - 0.001%","0% - 0.001%","12.175% - 20.35%"
"Cape Verde","CPV",7.9e+08,6.2e+07,1125110,NA,0.001424189873,3,NA,NA,15.4,10.7,11.5,1,16.3,6.9,11.6,2,"5.4% - 15.25%","missing","0.001% - 0.002%","3.3% - 12.175%"
"Chile","CHL",82722511206,77541641202,4303630,80031780,5.202489549e-05,1,0.001032113568,3,32.5,26.7,29.5,4,17,10.6,13.8,2,"5.4% - 15.25%","0.001% - 0.002%","0% - 0.001%","25.325% - 43.8%"
"China","CHN",2.5e+12,2.63e+12,636889200,705422090,0.000255,1,0.000268,2,48,2.1,25.4,4,47.8,22.8,35.3,4,"28.95% - 59.4%","0% - 0.001%","0% - 0.001%","25.325% - 43.8%"
"Colombia","COL",70084060395,51271147230,83593070,4402440,0.00119275438,3,8.586583757e-05,2,12.9,4.8,8.7,1,12.7,8.1,10.4,2,"5.4% - 15.25%","0% - 0.001%","0.001% - 0.002%","3.3% - 12.175%"
"Comoros","COM",352466452.8,152645352.9,454410,70470,0.001289229078,3,0.0004616583385,2,28,11.1,19.6,2,0.38,NA,0.19,1,"0.19% - 5.4%","0% - 0.001%","0.001% - 0.002%","12.175% - 20.35%"
"Congo, Dem. Rep.","COD",15201477431,13335506552,26448860,35360,0.001739887463,3,2.651567817e-06,1,26.4,2.2,12.2,2,3.9,2.4,3.15,1,"0.19% - 5.4%","0% - 0.001%","0.001% - 0.002%","12.175% - 20.35%"
"Congo, Rep.","COG",6778503750,9408766649,1217440,1021250,0.0001796030577,1,0.000108542388,2,26.4,2.2,14.2,2,3.4,1.5,2.45,1,"0.19% - 5.4%","0% - 0.001%","0% - 0.001%","12.175% - 20.35%"
"Costa Rica","CRI",20249828874,22111572397,17030780,5000,0.0008410332801,2,2.261259358e-07,1,13.6,4.8,9.2,1,9.5,3.9,6.7,2,"5.4% - 15.25%","0% - 0.001%","0% - 0.001%","3.3% - 12.175%"
"Cote d'Ivoire","CIV",13244332330,13918496154,27536820,12964270,0.002079139915,3,0.0009314418639,3,13.6,4.8,9.8,1,3.4,1.4,2.4,1,"0.19% - 5.4%","0% - 0.001%","0.002% - 0.04%","3.3% - 12.175%"
"Croatia","HRV",31780528145,31588377224,79250710,127148450,0.002493687633,3,0.00402516562,4,36,30.3,33,4,50.9,18,34.45,4,"28.95% - 59.4%","0.002% - 0.048%","0.002% - 0.04%","25.325% - 43.8%"
"Cyprus","CYP",19416770402,19471734020,45471730,3683010,0.002341879162,3,0.0001891464826,2,47.2,22,34.5,4,41,8.4,24.7,3,"15.25% - 28.95%","0% - 0.001%","0.002% - 0.04%","25.325% - 43.8%"
"Czech Republic","CZE",1.71e+11,1.87e+11,381266980,785074680,0.00222,3,0.00421,4,47.2,22,28.5,4,38.5,18.2,28.35,3,"15.25% - 28.95%","0.002% - 0.048%","0.002% - 0.04%","25.325% - 43.8%"
"Denmark","DNK",1.79e+11,2.05e+11,102649660,8835250,0.000572,2,4.31e-05,1,18.6,17.7,18.2,2,37.3,36.3,36.8,4,"28.95% - 59.4%","0% - 0.001%","0% - 0.001%","12.175% - 20.35%"
"Dominican Republic","DOM",24851856015,20518119287,6943920,13479090,0.0002794125314,2,0.0006569359409,3,14.7,6.8,10.7,1,14.6,10.4,12.5,2,"5.4% - 15.25%","0% - 0.001%","0% - 0.001%","3.3% - 12.175%"
"Ecuador","ECU",24895603000,24917131000,704760,260,2.830861337e-05,1,1.043458816e-08,1,19.2,4.5,11.8,1,7,5.4,6.2,2,"5.4% - 15.25%","0% - 0.001%","0% - 0.001%","3.3% - 12.175%"
"Egypt, Arab Rep.","EGY",78012528474,53041002278,64466720,284130,0.0008263636785,2,5.356799227e-06,1,48.2,0.4,24.3,3,11.6,4.2,7.9,2,"5.4% - 15.25%","0% - 0.001%","0% - 0.001%","20.35% - 25.325%"
"El Salvador","SLV",12453420000,7981810000,13117110,36800,0.001053293794,2,4.610483086e-06,1,14.7,1.8,7.7,1,6.4,4.8,5.6,2,"5.4% - 15.25%","0% - 0.001%","0.001% - 0.002%","3.3% - 12.175%"
"Estonia","EST",4971586128,5810566793,33813930,4080930,0.006801437032,4,0.0007023290748,3,36.7,19.7,27.6,4,51.4,14.9,33.15,4,"28.95% - 59.4%","0% - 0.001%","0.002% - 0.04%","25.325% - 43.8%"
"Eswatini","SWZ",1931358813,2051993385,5396750,NA,0.002794276218,4,NA,NA,15.4,1.6,8.2,1,4.3,1.8,3.05,1,"0.19% - 5.4%","missing","0.002% - 0.04%","3.3% - 12.175%"
"Ethiopia","ETH",20022064432,7615437261,8916190,123290,0.0004453182153,2,1.618948404e-05,1,7.8,1.3,4.5,1,3.8,3.4,3.6,1,"0.19% - 5.4%","0% - 0.001%","0% - 0.001%","3.3% - 12.175%"
"Fiji","FJI",3211587345,2645442464,428350,1265140,0.000133376413,1,0.0004782337992,2,37.9,11.1,24.6,3,8,4.8,6.4,2,"5.4% - 15.25%","0% - 0.001%","0% - 0.001%","20.35% - 25.325%"
"Finland","FIN",1.07e+11,1.07e+11,77110850,1969810,0.000723,2,1.84e-05,1,25.7,14,19.7,2,24.8,14.7,19.75,3,"15.25% - 28.95%","0% - 0.001%","0% - 0.001%","12.175% - 20.35%"
"France","FRA",8.88e+11,8.62e+11,1251115900,23721850,0.00141,3,2.75e-05,1,31.6,26.4,28.9,4,51.3,22.5,36.9,4,"28.95% - 59.4%","0% - 0.001%","0.001% - 0.002%","25.325% - 43.8%"
"Gambia, The","GMB",624393675.9,341709153.6,2557760,NA,0.004096389984,4,NA,NA,20.8,0.9,10.6,1,6.2,0.29,3.245,1,"0.19% - 5.4%","missing","0.002% - 0.04%","3.3% - 12.175%"
"Georgia","GEO",11142797141,9577029902,104716820,53505120,0.009397713938,4,0.005586817682,4,55.3,6.6,29.3,4,35.7,3.7,19.7,3,"15.25% - 28.95%","0.002% - 0.048%","0.002% - 0.04%","25.325% - 43.8%"
"Germany","DEU",1.59e+12,1.81e+12,1278767980,2327789220,0.000803,2,0.00128,3,22.9,17.6,20.2,2,41,27.4,34.2,4,"28.95% - 59.4%","0.001% - 0.002%","0% - 0.001%","12.175% - 20.35%"
"Ghana","GHA",26908043834,25592134166,12387210,648260,0.0004603534198,2,2.533043926e-05,1,6.3,0.4,3.3,1,1.8,1.3,1.55,1,"0.19% - 5.4%","0% - 0.001%","0% - 0.001%","3.3% - 12.175%"
"Greece","GRC",85870633405,82328771663,174899280,211242940,0.002036776405,3,0.002565845885,4,36.4,27.4,31.8,4,67.8,16.4,42.1,4,"28.95% - 59.4%","0.002% - 0.048%","0.002% - 0.04%","25.325% - 43.8%"
"Guatemala","GTM",21525090623,13593357803,15182100,992230,0.0007053210723,2,7.299373815e-05,2,21.4,1.7,11.2,1,3.9,2.5,3.2,1,"0.19% - 5.4%","0% - 0.001%","0% - 0.001%","3.3% - 12.175%"
"Guyana","GUY",4.025e+09,1.566e+09,6014090,189730,0.001494183851,3,0.000121155811,2,22.4,2.5,12.4,2,5,2.3,3.65,1,"0.19% - 5.4%","0% - 0.001%","0.001% - 0.002%","12.175% - 20.35%"
"Hungary","HUN",1.3e+11,1.34e+11,128873510,134411360,0.000992,2,0.00101,3,35.3,24.7,29.7,4,77.4,41.4,59.4,4,"missing","0.001% - 0.002%","0% - 0.001%","25.325% - 43.8%"
"Iceland","ISL",9892781119,11012617626,12733000,NA,0.001287100144,3,NA,NA,12.6,12.4,12.5,2,27.7,32.5,30.1,4,"28.95% - 59.4%","missing","0.001% - 0.002%","12.175% - 20.35%"
"India","IND",6.02e+11,5.29e+11,17990220,98920360,2.99e-05,1,0.000187,2,41.2,13.1,27.6,4,7.8,3,5.4,2,"5.4% - 15.25%","0% - 0.001%","0% - 0.001%","25.325% - 43.8%"
"Indonesia","IDN",2.13e+11,2.08e+11,36219270,823813550,0.00017,1,0.00396,4,71.5,3.8,37.7,4,19.4,6,12.7,2,"5.4% - 15.25%","0.002% - 0.048%","0% - 0.001%","25.325% - 43.8%"
"Ireland","IRL",4.97e+11,5.11e+11,61309180,10,0.000123,1,1.96e-11,1,22.3,18.8,20.5,3,38.8,29.2,34,4,"28.95% - 59.4%","0% - 0.001%","0% - 0.001%","20.35% - 25.325%"
"Israel","ISR",1.09e+11,1.17e+11,198317000,1000,0.00182,3,8.51e-09,1,29,13.6,21.2,3,27.8,15.2,21.5,3,"15.25% - 28.95%","0% - 0.001%","0.001% - 0.002%","20.35% - 25.325%"
"Italy","ITA",5.69e+11,6.36e+11,1949221610,7382210,0.00343,4,1.16e-05,1,25.7,17.4,21.4,3,34.5,16,25.25,3,"15.25% - 28.95%","0% - 0.001%","0.002% - 0.04%","20.35% - 25.325%"
"Jamaica","JAM",8243797825,6021403909,10705820,5301550,0.00129865145,3,0.0008804508185,3,16.1,4.1,10,1,21.1,7.3,14.2,2,"5.4% - 15.25%","0% - 0.001%","0.001% - 0.002%","3.3% - 12.175%"
"Japan","JPN",9.09e+11,8.94e+11,2237050810,121895040,0.00246,3,0.000136,2,29.2,8.3,18.4,2,41.4,15.6,28.5,3,"15.25% - 28.95%","0% - 0.001%","0.002% - 0.04%","12.175% - 20.35%"
"Jordan","JOR",21963521127,16170140845,555480,1292290,2.529102673e-05,1,7.991828967e-05,2,57,12.6,35,4,32,6,19,3,"15.25% - 28.95%","0% - 0.001%","0% - 0.001%","25.325% - 43.8%"
"Kazakhstan","KAZ",51629142257,66197683955,100837030,82738560,0.001953102949,3,0.001249870918,3,41.5,6.9,23.3,3,43.8,6.5,25.15,3,"15.25% - 28.95%","0.001% - 0.002%","0.001% - 0.002%","20.35% - 25.325%"
"Kenya","KEN",20408671438,11471390332,1689940,66181440,8.280499812e-05,1,0.005769260576,4,17.8,2.3,9.9,1,3.6,2.3,2.95,1,"0.19% - 5.4%","0.002% - 0.048%","0% - 0.001%","3.3% - 12.175%"
"Korea, Rep.","KOR",6.02e+11,6.49e+11,56228350,717409120,9.33e-05,1,0.00111,3,54.9,27.8,20.7,3,41.7,17.2,29.45,4,"28.95% - 59.4%","0.001% - 0.002%","0% - 0.001%","20.35% - 25.325%"
"Kuwait","KWT",61138060277,72583928854,276408580,4440170,0.004521055767,4,6.117290797e-05,1,34.3,2.4,22.5,3,8.7,5.3,7,2,"5.4% - 15.25%","0% - 0.001%","0.002% - 0.04%","20.35% - 25.325%"
"Kyrgyz Republic","KGZ",5689780525,3125631006,73442690,21833200,0.01290782477,4,0.006985213532,4,34.3,2.4,26.9,4,26.8,5,15.9,3,"15.25% - 28.95%","0.002% - 0.048%","0.002% - 0.04%","25.325% - 43.8%"
"Lao PDR","LAO",5.797e+09,5.809e+09,24145300,65791120,0.00416513714,4,0.01132572216,4,51.6,3.5,30.8,4,29.4,10.2,19.8,3,"15.25% - 28.95%","0.002% - 0.048%","0.002% - 0.04%","25.325% - 43.8%"
"Latvia","LVA",20771264044,20529337766,74820520,27317390,0.00360211684,4,0.001330651301,3,50.5,19.9,33.6,4,51.8,9.6,30.7,4,"28.95% - 59.4%","0.001% - 0.002%","0.002% - 0.04%","25.325% - 43.8%"
"Lebanon","LBN",21820628748,10681277028,71261060,216280,0.003265765658,4,2.024851518e-05,1,48.4,29.4,38.9,4,31.3,14.8,23.05,3,"15.25% - 28.95%","0% - 0.001%","0.002% - 0.04%","25.325% - 43.8%"
"Lesotho","LSO",2241741785,1124592315,15993160,10810,0.007134256098,4,9.612372284e-06,1,41.9,5.6,23.4,3,6.4,1.7,4.05,1,"0.19% - 5.4%","0% - 0.001%","0.002% - 0.04%","20.35% - 25.325%"
"Lithuania","LTU",39411592686,42289157135,69998580,731398300,0.001776091125,3,0.01729517327,4,42.1,17.8,28.8,4,52.6,9.2,30.9,4,"28.95% - 59.4%","0.002% - 0.048%","0.001% - 0.002%","25.325% - 43.8%"
"Luxembourg","LUX",1.23e+11,1.44e+11,113676830,83889600,0.000927,2,0.000582,3,22.4,19.3,20.8,3,40,18.2,29.1,3,"28.95% - 59.4%","0% - 0.001%","0% - 0.001%","20.35% - 25.325%"
"Madagascar","MDG",4820540078,4009166349,348390,680010,7.227198496e-05,1,0.0001696138151,2,42.1,12.8,27.3,4,1.4,0.8,1.1,1,"0.19% - 5.4%","0% - 0.001%","0% - 0.001%","25.325% - 43.8%"
"Malawi","MWI",2.94e+09,9.13e+08,3536770,NA,0.0012,3,NA,NA,14.9,2.6,8.5,1,2.4,1,1.7,1,"0.19% - 5.4%","missing","0.001% - 0.002%","3.3% - 12.175%"
"Malaysia","MYS",2.11e+11,2.38e+11,199741150,62213670,0.000947,2,0.000261,2,45.2,1.2,23.8,3,22.5,8.2,15.35,2,"15.25% - 28.95%","0% - 0.001%","0% - 0.001%","20.35% - 25.325%"
"Maldives","MDV",4399141282,3894413425,18308380,NA,0.004161807686,4,NA,NA,47.8,6.4,33.8,4,18.9,6.1,12.5,2,"5.4% - 15.25%","missing","0.002% - 0.04%","25.325% - 43.8%"
"Mali","MLI",6558444719,4441938778,60726770,23670,0.009259324825,4,5.328754218e-06,1,15.6,0.9,8.2,1,5.5,1.5,3.5,1,"0.19% - 5.4%","0% - 0.001%","0.002% - 0.04%","3.3% - 12.175%"
"Malta","MLT",20317929102,22962919268,50873240,19995890,0.00250385951,4,0.000870790415,3,26,18.9,22.4,3,28.2,11.8,20,3,"15.25% - 28.95%","0% - 0.001%","0.002% - 0.04%","20.35% - 25.325%"
"Mauritania","MRT",3944905006,3091542481,12714290,NA,0.003222964807,4,NA,NA,21.3,2.3,11.8,1,3.9,1.3,2.6,1,"0.19% - 5.4%","missing","0.002% - 0.04%","3.3% - 12.175%"
"Mauritius","MUS",7538246860,5403470196,60518800,3290350,0.008028232708,4,0.0006089327563,3,37.9,3,20.1,2,17.7,5.4,11.55,2,"5.4% - 15.25%","0% - 0.001%","0.002% - 0.04%","12.175% - 20.35%"
"Moldova","MDA",6624660972,3659009037,54345180,18819910,0.008203465842,4,0.005143444525,4,20.7,6.5,27.7,4,50.5,10.3,30.4,4,"28.95% - 59.4%","0.002% - 0.048%","0.002% - 0.04%","25.325% - 43.8%"
"Mongolia","MNG",9259602720,8412612740,61042190,3218890,0.006592311986,4,0.0003826266702,2,53.1,7.3,29.6,4,36.8,6.3,21.55,3,"15.25% - 28.95%","0% - 0.001%","0.002% - 0.04%","25.325% - 43.8%"
"Montenegro","MNE",3602316724,2430069066,15681430,875920,0.004353151375,4,0.0003604506605,2,32.1,33.5,32.8,4,62.9,19.5,41.2,4,"28.95% - 59.4%","0% - 0.001%","0.002% - 0.04%","25.325% - 43.8%"
"Morocco","MAR",57428226804,47129384118,129622470,2919890,0.002257121231,3,6.195476675e-05,1,29.4,0.9,14.9,2,31.9,3.5,17.7,3,"15.25% - 28.95%","0% - 0.001%","0.002% - 0.04%","12.175% - 20.35%"
"Mozambique","MOZ",12270557769,4966110853,5252900,430,0.0004280897494,2,8.658687104e-08,1,22.9,5.7,13.9,2,1.9,1.4,1.65,1,"0.19% - 5.4%","0% - 0.001%","0% - 0.001%","12.175% - 20.35%"
"Myanmar","MMR",20814897954,20877077817,4363950,38967080,0.0002096551234,1,0.001866500683,4,69.5,20.7,43.8,4,19.5,11.9,15.7,3,"15.25% - 28.95%","0.001% - 0.002%","0% - 0.001%","missing"
"Namibia","NAM",5942475140,4560915374,33155830,3369360,0.005579464654,4,0.0007387464409,3,22.8,5.6,13.8,2,5.6,3.1,4.35,1,"0.19% - 5.4%","0% - 0.001%","0.002% - 0.04%","12.175% - 20.35%"
"Nepal","NPL",14176873281,2659663943,514890,NA,3.631900983e-05,1,NA,NA,45.4,11.8,26.5,4,14.8,16.3,15.55,3,"15.25% - 28.95%","missing","0% - 0.001%","25.325% - 43.8%"
"Netherlands","NLD",6.62e+11,7.51e+11,458913690,412640190,0.000693,2,0.000549,3,24,19,21.5,3,34.5,32.7,33.6,4,"28.95% - 59.4%","0% - 0.001%","0% - 0.001%","20.35% - 25.325%"
"New Zealand","NZL",57670097999,58307831673,105979890,39163430,0.001837692213,3,0.0006716667191,3,14.6,11.8,13.2,2,24.2,26.4,25.3,3,"15.25% - 28.95%","0% - 0.001%","0.001% - 0.002%","12.175% - 20.35%"
"Niger","NER",3396076034,1475283080,46110270,336840,0.01357751403,4,0.0002283222824,2,14.2,1.2,7.7,1,0.89,0.04,0.465,1,"0.19% - 5.4%","0% - 0.001%","0.002% - 0.04%","3.3% - 12.175%"
"Nigeria","NGA",88741069129,63726878125,11988860,15547560,0.0001350993415,1,0.0002439717817,2,6.5,0.5,3.5,1,1.6,1,1.3,1,"0.19% - 5.4%","0% - 0.001%","0% - 0.001%","3.3% - 12.175%"
"Norway","NOR",1.41e+11,1.47e+11,158009120,17800,0.00112,2,1.21e-07,1,17.7,15.8,16.8,2,30.9,29.2,30.05,4,"28.95% - 59.4%","0% - 0.001%","0.001% - 0.002%","12.175% - 20.35%"
"Oman","OMN",32568530559,43583094928,315070330,472038080,0.009674072628,4,0.01083076089,4,16.3,0.4,11.5,1,7.1,1.5,4.3,1,"0.19% - 5.4%","0.002% - 0.048%","0.002% - 0.04%","3.3% - 12.175%"
"Pakistan","PAK",62624563954,30136171703,188930,1402120,3.016867313e-06,1,4.65261485e-05,1,31.3,6.9,19.4,2,11.5,2.6,7.05,2,"5.4% - 15.25%","0% - 0.001%","0% - 0.001%","12.175% - 20.35%"
"Panama","PAN",29321995400,27602938300,122319810,101276890,0.004171605934,4,0.003669061927,4,8.4,2.4,5.4,1,10.4,7.8,9.1,2,"5.4% - 15.25%","0.002% - 0.048%","0.002% - 0.04%","3.3% - 12.175%"
"Paraguay","PRY",13328941538,13722313059,29637290,25254350,0.002223529146,3,0.001840385793,4,19.5,4.6,12.2,2,19.3,5.2,12.25,2,"5.4% - 15.25%","0.001% - 0.002%","0.002% - 0.04%","12.175% - 20.35%"
"Peru","PER",52296167561,54886884607,20888060,NA,0.0003994185611,2,NA,NA,14.5,3.2,8.8,1,9.5,8.9,9.2,2,"5.4% - 15.25%","missing","0% - 0.001%","3.3% - 12.175%"
"Philippines","PHL",1.52e+11,1.07e+11,11885340,265219590,7.8e-05,1,0.00248,4,40.6,6.4,23.4,3,33.1,11.5,22.3,3,"15.25% - 28.95%","0.002% - 0.048%","0% - 0.001%","20.35% - 25.325%"
"Poland","POL",3.02e+11,3.31e+11,62967650,3499292860,0.000208,1,0.0106,4,29.6,19.6,24.4,3,52.7,24.5,38.6,4,"28.95% - 59.4%","0.002% - 0.048%","0% - 0.001%","20.35% - 25.325%"
"Portugal","PRT",1.03e+11,1.04e+11,113128480,640585560,0.00109,2,0.00613,4,27.6,15.4,21.1,3,38.1,9.7,23.9,3,"15.25% - 28.95%","0.002% - 0.048%","0.001% - 0.002%","20.35% - 25.325%"
"Qatar","QAT",66769780220,92046153846,45296390,NA,0.0006783965718,2,NA,NA,23.5,2,19,2,10.3,5.8,8.05,2,"5.4% - 15.25%","missing","0% - 0.001%","12.175% - 20.35%"
"Romania","ROU",1.11e+11,1.01e+11,113818930,742701480,0.00102,2,0.00736,4,35.5,17.4,26.1,4,50.7,12.7,31.7,4,"28.95% - 59.4%","0.002% - 0.048%","0.001% - 0.002%","25.325% - 43.8%"
"Russian Federation","RUS",3.52e+11,4.81e+11,46365380,262045910,0.000132,1,0.000544,3,42.7,10.9,25.3,3,48.2,8.1,28.15,3,"15.25% - 28.95%","0% - 0.001%","0% - 0.001%","20.35% - 25.325%"
"Rwanda","RWA",3741294412,2258781198,3444680,24350,0.0009207187729,2,1.078014994e-05,1,18.4,6.7,12.4,2,4.4,3.4,3.9,1,"0.19% - 5.4%","0% - 0.001%","0% - 0.001%","12.175% - 20.35%"
"Samoa","WSM",440931665.4,321405538.6,200,504960,4.535850239e-07,1,0.001571099248,3,36.6,14.9,26.1,4,44,28,36,4,"28.95% - 59.4%","0.001% - 0.002%","0% - 0.001%","25.325% - 43.8%"
"Sao Tome and Principe","STP",1.48e+08,1e+07,179030,NA,0.001209662162,3,NA,NA,9.3,1.4,5.3,1,18.2,6.5,12.35,2,"5.4% - 15.25%","missing","0.001% - 0.002%","3.3% - 12.175%"
"Saudi Arabia","SAU",2.19e+11,2.86e+11,515799840,NA,0.00236,3,NA,NA,27.7,2.1,17.5,2,5.8,2.5,4.15,1,"0.19% - 5.4%","missing","0.002% - 0.04%","12.175% - 20.35%"
"Senegal","SEN",9186797995,5846879269,1254150,31704510,0.0001365165535,1,0.005422467019,4,12.9,0.6,6.5,1,3.7,1.4,2.55,1,"0.19% - 5.4%","0.002% - 0.048%","0% - 0.001%","3.3% - 12.175%"
"Serbia","SRB",31394659932,26277880391,62016190,195499840,0.001975373842,3,0.00743971116,4,40.1,35.7,37.8,4,71.6,30.9,51.25,4,"28.95% - 59.4%","0.002% - 0.048%","0.001% - 0.002%","25.325% - 43.8%"
"Seychelles","SYC",1701473287,1538980635,462260,18584960,0.0002716821966,1,0.01207614935,4,35.1,6.7,21.3,3,NA,NA,NA,NA,"missing","0.002% - 0.048%","0% - 0.001%","20.35% - 25.325%"
"Singapore","SGP",5.5e+11,6.58e+11,787278170,1060970560,0.00143,3,0.00161,3,28.2,4.3,16.8,2,41.5,17.2,29.35,4,"28.95% - 59.4%","0.001% - 0.002%","0.001% - 0.002%","12.175% - 20.35%"
"Slovak Republic","SVK",96720447137,97140403446,182282930,1190,0.001884636966,3,1.225030943e-08,1,28.2,4.3,30.1,4,54.3,13.2,33.75,4,"28.95% - 59.4%","0% - 0.001%","0.001% - 0.002%","25.325% - 43.8%"
"Slovenia","SVN",40803659239,45490464656,80110250,441080,0.001963310436,3,9.696097926e-06,1,23,16.8,19.9,2,46.6,20.8,33.7,4,"28.95% - 59.4%","0% - 0.001%","0.001% - 0.002%","12.175% - 20.35%"
"South Africa","ZAF",1.04e+11,1.06e+11,98242460,129646960,0.000945,2,0.00122,3,34.5,6.7,20.2,2,28.2,9.7,18.95,3,"15.25% - 28.95%","0.001% - 0.002%","0% - 0.001%","12.175% - 20.35%"
"Spain","ESP",4.46e+11,4.87e+11,1396701490,93996540,0.00313,4,0.000193,2,27.8,22.4,25,3,42.1,14,28.05,3,"15.25% - 28.95%","0% - 0.001%","0.002% - 0.04%","20.35% - 25.325%"
"Sri Lanka","LKA",24569911488,19426214046,9263720,5723090,0.0003770351393,2,0.0002946065552,2,44,3,22.4,3,8.3,2.5,5.4,1,"5.4% - 15.25%","0% - 0.001%","0% - 0.001%","20.35% - 25.325%"
"Sweden","SWE",2.33e+11,2.55e+11,126700550,7338490,0.000544,2,2.88e-05,1,30.1,18.5,24.3,3,16.9,18.1,17.5,3,"15.25% - 28.95%","0% - 0.001%","0% - 0.001%","20.35% - 25.325%"
"Switzerland","CHE",3.93e+11,4.8e+11,19427760,531635980,4.95e-05,1,0.00111,3,26.7,20.7,23.7,3,26.6,19.3,22.95,3,"15.25% - 28.95%","0.001% - 0.002%","0% - 0.001%","20.35% - 25.325%"
"Tajikistan","TJK",3408723663,1243452531,13348280,2475080,0.003915917311,4,0.001990490138,4,43.6,18.7,30.8,4,7.5,3.8,5.65,2,"5.4% - 15.25%","0.001% - 0.002%","0.002% - 0.04%","25.325% - 43.8%"
"Thailand","THA",2.73e+11,3.24e+11,279803540,193519600,0.00103,2,0.000598,3,43.2,3.6,22.7,3,29.4,13.1,21.25,3,"15.25% - 28.95%","0% - 0.001%","0.001% - 0.002%","20.35% - 25.325%"
"Togo","TGO",2260740966,1665137367,15327470,318900,0.006779843525,4,0.000191515731,2,11.2,1.2,6.2,1,3.1,0.94,2.02,1,"0.19% - 5.4%","0% - 0.001%","0.002% - 0.04%","3.3% - 12.175%"
"Turkey","TUR",2.28e+11,2.48e+11,148752600,470514970,0.000651,2,0.0019,4,48.6,2.2,30.8,4,70.6,9.8,40.2,4,"28.95% - 59.4%","0.001% - 0.002%","0% - 0.001%","25.325% - 43.8%"
"Uganda","UGA",7866761620,6048575655,14415780,7172260,0.001832492288,3,0.001185776687,3,10.4,2.5,6.3,1,4.3,1.9,3.1,1,"0.19% - 5.4%","0.001% - 0.002%","0.001% - 0.002%","3.3% - 12.175%"
"Ukraine","UKR",75832830346,63448556040,47588210,332599640,0.0006275409975,2,0.005242036395,4,41.2,9.2,23.7,3,41.7,6.5,24.1,3,"15.25% - 28.95%","0.002% - 0.048%","0% - 0.001%","20.35% - 25.325%"
"United Arab Emirates","ARE",2.96e+11,4.04e+11,643528760,4257730680,0.00218,3,0.0105,4,41.2,9.2,15,2,7,5,6,2,"5.4% - 15.25%","0.002% - 0.048%","0.002% - 0.04%","12.175% - 20.35%"
"United Kingdom","GBR",9.19e+11,8.93e+11,426852570,3451310,0.000465,2,3.87e-06,1,41.2,9.2,7.7,1,35.5,30.2,32.85,4,"28.95% - 59.4%","0% - 0.001%","0% - 0.001%","3.3% - 12.175%"
"United States","USA",3.12e+12,2.52e+12,397105380,834693900,0.000127,1,0.000331,2,13.1,2.3,22.4,3,40.1,30.8,35.45,4,"28.95% - 59.4%","0% - 0.001%","0% - 0.001%","20.35% - 25.325%"
"Uruguay","URY",13383202587,16991760618,4630750,15701030,0.0003460120976,2,0.000924037853,3,24.8,17.3,20.8,3,46.2,13.5,29.85,4,"28.95% - 59.4%","0% - 0.001%","0% - 0.001%","20.35% - 25.325%"
"Uzbekistan","UZB",26620511130,17026594789,1120880,13002260,4.210587823e-05,1,0.0007636441791,3,34.1,1.1,17.4,2,14.1,4.1,9.1,2,"5.4% - 15.25%","0% - 0.001%","0% - 0.001%","12.175% - 20.35%"
"Vietnam","VNM",2.53442e+11,2.6461e+11,11840,264655940,4.671680306e-08,1,0.001000173614,3,49.5,2.4,25.5,4,35.4,11.1,23.25,3,"15.25% - 28.95%","0.001% - 0.002%","0% - 0.001%","25.325% - 43.8%"
"Yemen","YEM",10485642191,1561767813,15957650,NA,0.001521857194,3,NA,NA,34.3,8.6,21.5,3,3.9,4.4,4.15,1,"0.19% - 5.4%","missing","0.001% - 0.002%","20.35% - 25.325%"
"Zambia","ZMB",7961078355,8073235066,967370,142260,0.000121512433,1,1.762118888e-05,1,21.6,3.1,12.1,1,4,3.5,3.75,1,"0.19% - 5.4%","0% - 0.001%","0% - 0.001%","3.3% - 12.175%"
"Zimbabwe","ZWE",6176926696,6026541180,8310,15357640,1.345329224e-06,1,0.002548334035,4,20.3,1.1,9.9,1,5.8,3.3,4.55,1,"0.19% - 5.4%","0.002% - 0.048%","0% - 0.001%","3.3% - 12.175%"
